Username,Project Edits,Scope Edits,Total
Mrmoustache14,1,19,20
WOSlinker,1,0,1
RadioKAOS,1,7,8
Kvng,0,6,6
Dmass,0,1,1
Donner60,0,1,1
Finney1234,0,1,1
O'Dea,0,1,1
Stevietheman,0,2,2
JerMolly2014,0,1,1
Steveprutz,0,1,1
Ritchie333,0,11,11
Mart0419,0,2,2
Alliedarko1217,0,1,1
Rockinko,0,2,2
Niceguyedc,0,6,6
HurluGumene,0,2,2
St170e,0,1,1
Toccata quarta,0,2,2
Mercurywoodrose,0,1,1
Amb1997,0,231,231
Bbb23,0,1,1
Mudwater,0,1,1
Waacstats,0,1,1
Cpt-Kervin,0,1,1
Wakuran,0,1,1
Sadads,0,1,1
Tetra quark,0,1,1
The lad searches the night for his newts,0,3,3
Orenburg1,0,1,1
Mr Pyles,0,1,1
Jfmantis,0,1,1
Jimp,0,5,5
AndrewOne,0,3,3
LandscapeDriver,0,1,1
Anaxial,0,1,1
Geoffg,0,1,1
Martinevans123,0,14,14
In ictu oculi,0,1,1
Equal,0,1,1
Korny O'Near,0,1,1
FotoPhest,0,1,1
Tassedethe,0,7,7
Richmoellers,0,1,1
DougHill,0,11,11
Pbuzby2014,0,4,4
Bernd Lorey,0,3,3
RockNRollWiki,0,12,12
Anomalocaris,0,1,1
Ekips39,0,8,8
Woovee,0,2,2
BenStein69,0,5,5
Katieh5584,0,1,1
Sundar1,0,1,1
Trappist the monk,0,2,2
Rricci428,0,1,1
Malmsimp,0,1,1
Matthew Fennell,0,15,15
Joe Vitale 5,0,10,10
Vanisaac,0,1,1
Redrose64,0,1,1
Mr Stephen,0,1,1
Douglasburton,0,1,1
Vanamonde93,0,2,2
ExecutorElassus,0,2,2
Surv1v4l1st,0,2,2
Cmr08,0,1,1
EkriirkE89,0,1,1
It'sfakemon,0,1,1
Hjal,0,1,1
OlEnglish,0,3,3
Ipigott,0,1,1
Sambuus,0,1,1
Steelbeard1,0,4,4
Djkuula,0,1,1
Bearcat,0,1,1
Wayne3261,0,1,1
Brianhe,0,2,2
J p higgins,0,1,1
Walter Görlitz,0,1,1
Avraham,0,1,1
Braitman,0,2,2
Timrfrench61,0,1,1
GoingBatty,0,2,2
Mmlov,0,5,5
77Mike77,0,1,1
Twistandshout28,0,1,1
Dewritech,0,1,1
Download,0,2,2
Fjeinca,0,20,20
GentleCollapse16,0,1,1
GregorB,0,1,1
Haminoon,0,1,1
Bohemian Baltimore,0,2,2
Lugnuts,0,1,1
Yerevantsi,0,1,1
Ninmacer20,0,4,4
SidP,0,3,3
Patacón,0,2,2
Ignorance is strength,0,2,2
SantiLak,0,1,1
Jmn100,0,2,2
EditorInTheRye,0,1,1
Jpgordon,0,2,2
ChrisGualtieri,0,1,1
Jodiaz1096,0,2,2
The Master,0,1,1
Semitransgenic,0,1,1
HBP77,0,1,1
Palealien,0,2,2
Smuckola,0,5,5
Didigodot,0,1,1
Yamaguchi先生,0,1,1
Pablo X,0,1,1
Thicknick 5,0,1,1
Gulfportdoc,0,1,1
Tony1,0,5,5
Curly Turkey,0,1,1
MuzikJunky,0,2,2
Jax 0677,0,1,1
JJARichardson,0,1,1
Binksternet,0,12,12
Mr Big Eichelhäher,0,2,2
Art LaPella,0,1,1
Epicgenius,0,1,1
Michig,0,1,1
Spirular,0,1,1
Prisencolinensinainciusol,0,1,1
Friginator,0,5,5
Progrockdude,0,2,2
Guyeckstine,0,4,4
TubularWorld,0,1,1
Le Deluge,0,2,2
Phaeton23,0,1,1
Willondon,0,3,3
Idiotska,0,4,4
Aspects,0,1,1
Gongshow,0,1,1
AlterBerg,0,2,2
JackofOz,0,3,3
Patch Monkey,0,1,1
Redrkr,0,1,1
TypeONegative13,0,1,1
I dream of horses,0,1,1
Viriditas,0,1,1
Jhw57,0,1,1
Fisherjs,0,1,1
HammerFilmFan,0,25,25
Ethically Yours,0,1,1
Spike Wilbury,0,1,1
WereSpielChequers,0,2,2
Gadget850,0,1,1
Joefromrandb,0,1,1
Clusternote,0,7,7
BrunoMacDonald,0,1,1
Anetode,0,1,1
Mr. Granger,0,1,1
Scarlettail,0,1,1
Mogism,0,2,2
Southamorican,0,1,1
Victor Lopes,0,1,1
Eingangskontrolle,0,1,1
Matharvest,0,16,16
JohndanR,0,1,1
CountMacula,0,1,1
Boleyn,0,3,3
Kirkmc,0,3,3
Scwlong,0,1,1
Synthwave.94,0,22,22
Somthinw567,0,1,1
Good Olfactory,0,2,2
Thomas279,0,1,1
Charge2charge,0,1,1
Jafeluv,0,1,1
Eeekster,0,1,1
ChamithN,0,1,1
Araesoawesome,0,2,2
BNutzer,0,2,2
Xb2u7Zjzc32,0,5,5
Phillipmbelone,0,8,8
Kingzwest,0,1,1
Lsaul,0,1,1
Hebrides,0,3,3
Antarctic96,0,2,2
Ortolan88,0,2,2
Starcheerspeaksnewslostwars,0,4,4
Mrceleb2007,0,2,2
Fayenatic london,0,1,1
Dravecky,0,1,1
Carriearchdale,0,1,1
Grunionspawn,0,1,1
NMSteveC,0,1,1
PaulCHebert,0,4,4
Ser Amantio di Nicolao,0,10,10
Cbacho,0,1,1
Rcarlberg,0,5,5
Donwpreston,0,1,1
DrKiernan,0,4,4
RaqiwasSushi,0,1,1
Morfusmax,0,2,2
Andreldritch,0,2,2
Myxomatosis57,0,2,2
Magioladitis,0,6,6
Varnent,0,1,1
Stfg,0,1,1
Mild Bill Hiccup,0,2,2
Bellerophon5685,0,1,1
Dr. Blofeld,0,1,1
JoshSaget,0,1,1
Ponydepression,0,1,1
Niriop,0,6,6
Flyer22,0,2,2
Colonies Chris,0,1,1
ChangesLowBowie92,0,1,1
Stamptrader,0,3,3
MegA,0,1,1
DutchmanInDisguise,0,2,2
Johntabacco,0,3,3
Chris the speller,0,4,4
Teach267,0,1,1
Rich Farmbrough,0,2,2
Welsh,0,1,1
Fortdj33,0,5,5
SwagSwanson,0,1,1
Kendall-K1,0,1,1
Cucho8,0,1,1
Everyking,0,1,1
JP896,0,1,1
Dl2000,0,1,1
Bender235,0,9,9
GraemeLeggett,0,2,2
Thistle172,0,1,1
MarnetteD,0,1,1
Onel5969,0,1,1
Excirial,0,1,1
Aristophanes68,0,1,1
Sfan00 IMG,0,1,1
Richhoncho,0,7,7
Wizardman,0,1,1
Nowitzky,0,1,1
Redheylin,0,1,1
Americaninventive,0,6,6
AJP,0,1,1
Ilovetopaint,0,8,8
Раціональне анархіст,0,1,1
Knuand,0,1,1
TenPoundHammer,0,1,1
DISEman,0,1,1
L1A1 FAL,0,2,2
Bfugate19,0,2,2
Str1977,0,2,2
EddieHugh,0,2,2
Eeera,0,1,1
Everymorning,0,1,1
Queso.robusto,0,1,1
Rondo66,0,2,2
Omnipaedista,0,3,3
Zappafripp,0,3,3
StringTheory11,0,1,1
Vagrant99,0,1,1
KD Tries Again,0,1,1
Anne F. Figy,0,1,1
EyeKnows,0,1,1
FreeKnowledgeCreator,0,1,1
Observer2015,0,1,1
TJRC,0,1,1
Dohn joe,0,1,1
Elkman,0,1,1
Tide rolls,0,1,1
Mystery Roach,0,2,2
Mlpearc,0,2,2
Jason Quinn,0,13,13
Srich32977,0,1,1
Percivl,0,2,2
Kindzmarauli,0,5,5
Fadesga,0,1,1
Alsetalokin,0,1,1
JMyrleFuller,0,5,5
Herostratus,0,4,4
BD2412,0,2,2
Phil Boswell,0,1,1
Eyesnore,0,1,1
Aeternus,0,1,1
DadaNeem,0,3,3
President Rhapsody,0,2,2
Sensesbleed,0,1,1
Zelator,0,1,1
Makyen,0,1,1
Audaciter,0,1,1
McLennonSon,0,1,1
Faizan,0,1,1
GrahamHardy,0,4,4
Britishisles,0,1,1
Dman41689,0,1,1
Kikichugirl,0,1,1
Jerome Kohl,0,7,7
Blesseddrummer,0,2,2
Bjones,0,1,1
Rms125a@hotmail.com,0,2,2
Tvnewswatch,0,1,1
Koavf,0,6,6
Damoreuknow,0,3,3
Graham87,0,2,2
Jelasafork,0,1,1
Nerdfighter767,0,1,1
Wikipediman23,0,1,1
FunkMonk,0,2,2
Doc2234,0,2,2
Pratyya Ghosh,0,1,1
LoopZilla,0,5,5
Rickard Vogelberg,0,2,2
Postcard Cathy,0,1,1
Giba 73,0,1,1
Bgwhite,0,3,3
Concord hioz,0,1,1
Raph79,0,1,1
Dunks58,0,1,1
Teh Thrasher,0,1,1
Gbawden,0,1,1
SpyroFan123,0,1,1
QuasyBoy,0,1,1
Steel1943,0,1,1
DVdm,0,62,62
BabbaQ,0,1,1
Leangle30,0,2,2
Thatguywithahardhardon,0,1,1
Headhitter,0,1,1
Paul A,0,1,1
Deb,0,1,1
JustAGal,0,2,2
Jackninja5,0,1,1
Drummgenius,0,2,2
Mataylor100,0,2,2
Arjayay,0,1,1
Paniliakos85,0,1,1
Derek R Bullamore,0,12,12
Jpmcruiser,0,1,1
JamesMLane,0,2,2
Mac Dreamstate,0,1,1
D Eaketts,0,1,1
Nightscream,0,3,3
Til Eulenspiegel,0,1,1
ItsAlwaysLupus,0,2,2
Afromme,0,1,1
Ctspearin,0,1,1
Radiopathy,0,4,4
Kaini,0,6,6
Doctorhawkes,0,1,1
Evanaeus,0,1,1
Mashaunix,0,1,1
Materialscientist,0,1,1
Idraulico liquido,0,17,17
Cdl obelix,0,1,1
Coldcreation,0,4,4
Bob305,0,1,1
Cal 505,0,1,1
Rothorpe,0,27,27
Rjwilmsi,0,3,3
Abula-X,0,1,1
Jahahah-80,0,1,1
Sardanaphalus,0,1,1
Unreal7,0,5,5
Hifihitman,0,1,1
PKT,0,1,1
AjaxSmack,0,1,1
Parttimewikier,0,1,1
Ashley Pomeroy,0,6,6
Awesome2014,0,1,1
Shikari 123,0,3,3
Uncleangelo,0,1,1
Zachary10233,0,1,1
Jim1138,0,1,1
RushRhees,0,1,1
Zhsbdbsnsn,0,3,3
Mervadrian,0,1,1
Jetster426,0,1,1
Kellyjdrummer,0,2,2
Trivialist,0,1,1
BDE1982,0,8,8
Strife82,0,1,1
LukasMatt,0,2,2
Kville105125,0,1,1
GoodDay,0,1,1
Nicola Leoni,0,1,1
Plarpco,0,1,1
Walor,0,2,2
Davidbehrens3.14,0,1,1
Saralicia,0,1,1
Jan Arkesteijn,0,1,1
Audioduck88,0,1,1
Wantnot,0,2,2
Lisapopeil,0,4,4
Kjell Knudde,0,3,3
Hyacinth,0,3,3
John R Leddy,0,1,1
SNUGGUMS,0,1,1
DemocraticLuntz,0,1,1
SmallRepair,0,1,1
Dwineman,0,1,1
Frietjes,0,1,1
OccultZone,0,2,2
EdgarAllanPoe,0,1,1
